{"distance_from_center_20mm": 23.466666666666665, "height_offset_from_center": 410.6666666666667}